{
  "description": "Rigid landmark assembly result. child_in_base maps child local points onto base local points.",
  "child_name": "right_arm",
  "base_points_m": [
    [
      -0.08643899999999999,
      0.105964,
      -0.109
    ],
    [
      -0.016439,
      0.105964,
      -0.109
    ],
    [
      -0.08643899999999999,
      0.035963999999999996,
      -0.109
    ],
    [
      -0.016439,
      0.035963999999999996,
      -0.109
    ]
  ],
  "child_points_m": [
    [
      -0.035,
      -0.035,
      0.0
    ],
    [
      -0.035,
      0.035,
      0.0
    ],
    [
      0.035,
      -0.035,
      0.0
    ],
    [
      0.035,
      0.035,
      0.0
    ]
  ],
  "child_in_base": {
    "pos_m": [
      -0.05143899999999999,
      0.070964,
      -0.109
    ],
    "euler_xyz_deg": [
      0.0,
      -0.0,
      -90.0
    ],
    "quat_wxyz": [
      0.7071067690849304,
      0.0,
      0.0,
      -0.7071067690849304
    ],
    "matrix_row_major": [
      [
        0.0,
        1.0,
        0.0,
        -0.05143899999999999
      ],
      [
        -1.0,
        0.0,
        0.0,
        0.070964
      ],
      [
        0.0,
        0.0,
        1.0,
        -0.109
      ],
      [
        0.0,
        0.0,
        0.0,
        1.0
      ]
    ]
  },
  "residuals_m": [
    [
      0.0,
      0.0,
      0.0
    ],
    [
      1.0408340855860843e-17,
      0.0,
      0.0
    ],
    [
      0.0,
      0.0,
      0.0
    ],
    [
      1.0408340855860843e-17,
      0.0,
      0.0
    ]
  ],
  "rms_error_m": 7.359808400080195e-18,
  "max_error_m": 1.0408340855860843e-17
}
